{
  "split": "test",
  "modality": "fusion",
  "accuracy": 0.3541666666666667,
  "weighted_f1": 0.34379142145784886,
  "uar": 0.3549107142857143,
  "loss": 2.7309809431433676
}