{
  "split": "test",
  "modality": "visual",
  "accuracy": 0.2708333333333333,
  "weighted_f1": 0.23736932786138187,
  "uar": 0.275297619047619,
  "loss": 3.550852201382319
}