{
  "split": "test",
  "modality": "audio",
  "accuracy": 0.38958333333333334,
  "weighted_f1": 0.38332087576791884,
  "uar": 0.39955357142857145,
  "loss": 2.477446696162224
}